{
    "Precision": 0.7316415863277644,
    "Recall": 0.7299903567984571,
    "F1 Score": 0.7299208136908135,
    "Accuracy": 0.7299903567984571
}