{
    "Precision": 0.7389875046264152,
    "Recall": 0.7328833172613307,
    "F1 Score": 0.7352495275195864,
    "Accuracy": 0.7328833172613307
}