{
    "Precision": 0.7343689236565835,
    "Recall": 0.7251687560270009,
    "F1 Score": 0.7283945303821009,
    "Accuracy": 0.7251687560270009
}